<BackupInst xmlns="http://www.microsoft.com/GroupPolicy/GPOOperations/Manifest"><GPOGuid><![CDATA[{11FEC0E4-B787-4C6B-8B8D-4F9D8DF974DE}]]></GPOGuid><GPODomain><![CDATA[ccdc.test]]></GPODomain><GPODomainGuid><![CDATA[{7c9b45b9-f849-4611-8acd-8af87a28fe4d}]]></GPODomainGuid><GPODomainController><![CDATA[dlh-dc01.ccdc.test]]></GPODomainController><BackupTime><![CDATA[2026-01-29T03:44:44]]></BackupTime><ID><![CDATA[{2683AD3A-CBE8-420B-ACED-F91EBD631CE4}]]></ID><Comment><![CDATA[]]></Comment><GPODisplayName><![CDATA[Default User Policy]]></GPODisplayName></BackupInst>
