<BackupInst xmlns="http://www.microsoft.com/GroupPolicy/GPOOperations/Manifest"><GPOGuid><![CDATA[{C56CD306-405E-4467-B1D6-01792725B2A2}]]></GPOGuid><GPODomain><![CDATA[ccdc.test]]></GPODomain><GPODomainGuid><![CDATA[{7c9b45b9-f849-4611-8acd-8af87a28fe4d}]]></GPODomainGuid><GPODomainController><![CDATA[dlh-dc01.ccdc.test]]></GPODomainController><BackupTime><![CDATA[2026-01-29T03:44:43]]></BackupTime><ID><![CDATA[{0A5150C3-8491-40C9-ADB5-FBA447C07563}]]></ID><Comment><![CDATA[]]></Comment><GPODisplayName><![CDATA[Default Network Policy]]></GPODisplayName></BackupInst>
