<BackupInst xmlns="http://www.microsoft.com/GroupPolicy/GPOOperations/Manifest"><GPOGuid><![CDATA[{31B2F340-016D-11D2-945F-00C04FB984F9}]]></GPOGuid><GPODomain><![CDATA[ccdc.test]]></GPODomain><GPODomainGuid><![CDATA[{7c9b45b9-f849-4611-8acd-8af87a28fe4d}]]></GPODomainGuid><GPODomainController><![CDATA[dlh-dc01.ccdc.test]]></GPODomainController><BackupTime><![CDATA[2026-01-29T03:44:42]]></BackupTime><ID><![CDATA[{648EFD5C-C51B-44FF-A9B0-2E35AD0A0D7F}]]></ID><Comment><![CDATA[]]></Comment><GPODisplayName><![CDATA[Default Domain Policy]]></GPODisplayName></BackupInst>
