<BackupInst xmlns="http://www.microsoft.com/GroupPolicy/GPOOperations/Manifest"><GPOGuid><![CDATA[{0ED9830F-9578-494D-9E39-C6605F5E28D5}]]></GPOGuid><GPODomain><![CDATA[ccdc.test]]></GPODomain><GPODomainGuid><![CDATA[{7c9b45b9-f849-4611-8acd-8af87a28fe4d}]]></GPODomainGuid><GPODomainController><![CDATA[dlh-dc01.ccdc.test]]></GPODomainController><BackupTime><![CDATA[2026-01-29T03:44:41]]></BackupTime><ID><![CDATA[{F5BB4E3D-C7CC-4148-BFA3-8FA05F5E93AB}]]></ID><Comment><![CDATA[]]></Comment><GPODisplayName><![CDATA[Default Defender Policy]]></GPODisplayName></BackupInst>
