<BackupInst xmlns="http://www.microsoft.com/GroupPolicy/GPOOperations/Manifest"><GPOGuid><![CDATA[{6FACB3A2-EE58-4117-B0EB-AF0C39138348}]]></GPOGuid><GPODomain><![CDATA[ccdc.test]]></GPODomain><GPODomainGuid><![CDATA[{7c9b45b9-f849-4611-8acd-8af87a28fe4d}]]></GPODomainGuid><GPODomainController><![CDATA[dlh-dc01.ccdc.test]]></GPODomainController><BackupTime><![CDATA[2026-01-29T03:44:41]]></BackupTime><ID><![CDATA[{EE2B6479-94A4-4BE8-BB8A-A72090700B92}]]></ID><Comment><![CDATA[]]></Comment><GPODisplayName><![CDATA[Company Branding]]></GPODisplayName></BackupInst>
