<BackupInst xmlns="http://www.microsoft.com/GroupPolicy/GPOOperations/Manifest"><GPOGuid><![CDATA[{EEBFBBA4-49AB-46BA-BAAE-EC3C672F31CF}]]></GPOGuid><GPODomain><![CDATA[ccdc.test]]></GPODomain><GPODomainGuid><![CDATA[{7c9b45b9-f849-4611-8acd-8af87a28fe4d}]]></GPODomainGuid><GPODomainController><![CDATA[dlh-dc01.ccdc.test]]></GPODomainController><BackupTime><![CDATA[2026-01-29T03:44:43]]></BackupTime><ID><![CDATA[{76A57A6B-79DB-489F-90F7-96B4531E48AF}]]></ID><Comment><![CDATA[]]></Comment><GPODisplayName><![CDATA[Default Firewall Policy]]></GPODisplayName></BackupInst>
